?item	?itemLabel	?termLabel	?constituencyLabel	?partyLabel	?start	?electionLabel	?end	?causeLabel
Q153454	Diane Abbott	57th United Kingdom Parliament	Hackney North and Stoke Newington	Labour Party	2017-06-08	United Kingdom general election, 2017		
Q16150309	Lucy Allan	57th United Kingdom Parliament	Telford	Conservative Party	2017-06-08	United Kingdom general election, 2017		
Q16190632	Mike Kane	57th United Kingdom Parliament	Wythenshawe and Sale East	Labour Party	2017-06-08	United Kingdom general election, 2017		
Q16190712	Emma Lewell-Buck	57th United Kingdom Parliament	South Shields	Labour Party	2017-06-08	United Kingdom general election, 2017		
Q16211496	Nigel Huddleston	57th United Kingdom Parliament	Mid Worcestershire	Conservative Party	2017-06-08	United Kingdom general election, 2017		
Q16232474	Tom Pursglove	57th United Kingdom Parliament	Corby	Conservative Party	2017-06-08	United Kingdom general election, 2017		
Q16529268	Anneliese Dodds	57th United Kingdom Parliament	Oxford East	Labour Co-operative	2017-06-08	United Kingdom general election, 2017		
Q16751766	Will Quince	57th United Kingdom Parliament	Colchester	Conservative Party	2017-06-08	United Kingdom general election, 2017		
Q1681420	Jamie Stone	57th United Kingdom Parliament	Caithness, Sutherland and Easter Ross	Liberal Democrats	2017-06-08	United Kingdom general election, 2017		
Q16972528	Chris Philp	57th United Kingdom Parliament	Croydon South	Conservative Party	2017-06-08	United Kingdom general election, 2017		
Q16980037	Andrew Lewer	57th United Kingdom Parliament	Northampton South	Conservative Party	2017-06-08	United Kingdom general election, 2017		
Q1700778	John Lamont	57th United Kingdom Parliament	Berwickshire, Roxburgh and Selkirk	Conservative Party	2017-06-08	United Kingdom general election, 2017		
Q17057181	Karin Smyth	57th United Kingdom Parliament	Bristol South	Labour Party	2017-06-08	United Kingdom general election, 2017		
Q17180679	Robert Jenrick	57th United Kingdom Parliament	Newark	Conservative Party	2017-06-08	United Kingdom general election, 2017		
Q17306267	Jim McMahon	57th United Kingdom Parliament	Oldham West and Royton	Labour Co-operative	2017-06-08	United Kingdom general election, 2017		
Q180589	Boris Johnson	57th United Kingdom Parliament	Uxbridge and South Ruislip	Conservative Party	2017-06-08	United Kingdom general election, 2017		
Q18164278	Angela Rayner	57th United Kingdom Parliament	Ashton-under-Lyne	Labour Party	2017-06-08	United Kingdom general election, 2017		
Q18211142	Liz McInnes	57th United Kingdom Parliament	Heywood and Middleton	Labour Party	2017-06-08	United Kingdom general election, 2017		
Q18921442	Ian Blackford	57th United Kingdom Parliament	Ross, Skye and Lochaber	Scottish National Party	2017-06-08	United Kingdom general election, 2017		
Q19059345	Chris Stephens	57th United Kingdom Parliament	Glasgow South West	Scottish National Party	2017-06-08	United Kingdom general election, 2017		
Q19586268	Ruth Smeeth	57th United Kingdom Parliament	Stoke-on-Trent North	Labour Party	2017-06-08	United Kingdom general election, 2017		
Q197894	Owen Paterson	57th United Kingdom Parliament	North Shropshire	Conservative Party	2017-06-08	United Kingdom general election, 2017		
Q19863151	Mhairi Black	57th United Kingdom Parliament	Paisley and Renfrewshire South	Scottish National Party	2017-06-08	United Kingdom general election, 2017		
Q19868483	Alan Mak	57th United Kingdom Parliament	Havant	Conservative Party	2017-06-08	United Kingdom general election, 2017		
Q19868554	Kirsty Blackman	57th United Kingdom Parliament	Aberdeen North	Scottish National Party	2017-06-08	United Kingdom general election, 2017		
Q19868633	Liz Saville Roberts	57th United Kingdom Parliament	Dwyfor Meirionnydd	Plaid Cymru	2017-06-08	United Kingdom general election, 2017		
Q19870689	Heidi Allen	57th United Kingdom Parliament	South Cambridgeshire	Conservative Party	2017-06-08	United Kingdom general election, 2017		
Q19870873	Ranil Jayawardena	57th United Kingdom Parliament	North East Hampshire	Conservative Party	2017-06-08	United Kingdom general election, 2017		
Q19871637	Deidre Brock	57th United Kingdom Parliament	Edinburgh North and Leith	Scottish National Party	2017-06-08	United Kingdom general election, 2017		
Q19871710	Richard Burgon	57th United Kingdom Parliament	Leeds East	Labour Party	2017-06-08	United Kingdom general election, 2017		
Q19871785	Ruth Cadbury	57th United Kingdom Parliament	Brentford and Isleworth	Labour Party	2017-06-08	United Kingdom general election, 2017		
Q19871819	Lisa Cameron	57th United Kingdom Parliament	East Kilbride, Strathaven and Lesmahagow	Scottish National Party	2017-06-08	United Kingdom general election, 2017		
Q19871931	Catherine West	57th United Kingdom Parliament	Hornsey and Wood Green	Labour Party	2017-06-08	United Kingdom general election, 2017		
Q19872133	Jo Churchill	57th United Kingdom Parliament	Bury St Edmunds	Conservative Party	2017-06-08	United Kingdom general election, 2017		
Q19872266	Julie Cooper	57th United Kingdom Parliament	Burnley	Labour Party	2017-06-08	United Kingdom general election, 2017		
Q19872694	Michelle Donelan	57th United Kingdom Parliament	Chippenham	Conservative Party	2017-06-08	United Kingdom general election, 2017		
Q19873325	Kevin Foster	57th United Kingdom Parliament	Torbay	Conservative Party	2017-06-08	United Kingdom general election, 2017		
Q19873418	Marcus Fysh	57th United Kingdom Parliament	Yeovil	Conservative Party	2017-06-08	United Kingdom general election, 2017		
Q19874017	Helen Hayes	57th United Kingdom Parliament	Dulwich and West Norwood	Labour Party	2017-06-08	United Kingdom general election, 2017		
Q19874021	Sue Hayman	57th United Kingdom Parliament	Workington	Labour Party	2017-06-08	United Kingdom general election, 2017		
Q19874280	Kate Hollern	57th United Kingdom Parliament	Blackburn	Labour Party	2017-06-08	United Kingdom general election, 2017		
Q19874405	Philippa Whitford	57th United Kingdom Parliament	Central Ayrshire	Scottish National Party	2017-06-08	United Kingdom general election, 2017		
Q19874642	Andrea Jenkyns	57th United Kingdom Parliament	Morley and Outwood	Conservative Party	2017-06-08	United Kingdom general election, 2017		
Q19875413	Chris Law	57th United Kingdom Parliament	Dundee West	Scottish National Party	2017-06-08	United Kingdom general election, 2017		
Q19875589	Carol Monaghan	57th United Kingdom Parliament	Glasgow North West	Scottish National Party	2017-06-08	United Kingdom general election, 2017		
Q19878984	Brendan O'Hara	57th United Kingdom Parliament	Argyll and Bute	Scottish National Party	2017-06-08	United Kingdom general election, 2017		
Q19880278	Tommy Sheppard	57th United Kingdom Parliament	Edinburgh East	Scottish National Party	2017-06-08	United Kingdom general election, 2017		
Q19881816	Marion Fellows	57th United Kingdom Parliament	Motherwell and Wishaw	Scottish National Party	2017-06-08	United Kingdom general election, 2017		
Q19882420	Hannah Bardell	57th United Kingdom Parliament	Livingston	Scottish National Party	2017-06-08	United Kingdom general election, 2017		
Q19882482	Stephen Gethins	57th United Kingdom Parliament	North East Fife	Scottish National Party	2017-06-08	United Kingdom general election, 2017		
Q19882661	John McNally	57th United Kingdom Parliament	Falkirk	Scottish National Party	2017-06-08	United Kingdom general election, 2017		
Q19882694	Neil Gray	57th United Kingdom Parliament	Airdrie and Shotts	Scottish National Party	2017-06-08	United Kingdom general election, 2017		
Q19882721	Peter Grant	57th United Kingdom Parliament	Glenrothes	Scottish National Party	2017-06-08	United Kingdom general election, 2017		
Q19882771	Alison Thewliss	57th United Kingdom Parliament	Glasgow Central	Scottish National Party	2017-06-08	United Kingdom general election, 2017		
Q19882845	Naseem Shah	57th United Kingdom Parliament	Bradford West	Labour Party	2017-06-08	United Kingdom general election, 2017		
Q19882875	Thangam Debbonaire	57th United Kingdom Parliament	Bristol West	Labour Party	2017-06-08	United Kingdom general election, 2017		
Q19882922	Douglas Chapman	57th United Kingdom Parliament	Dunfermline and West Fife	Scottish National Party	2017-06-08	United Kingdom general election, 2017		
Q19882967	Joanna Cherry	57th United Kingdom Parliament	Edinburgh South West	Scottish National Party	2017-06-08	United Kingdom general election, 2017		
Q19883025	Ronnie Cowan	57th United Kingdom Parliament	Inverclyde	Scottish National Party	2017-06-08	United Kingdom general election, 2017		
Q19883053	Angela Crawley	57th United Kingdom Parliament	Lanark and Hamilton East	Scottish National Party	2017-06-08	United Kingdom general election, 2017		
Q19883087	Martyn Day	57th United Kingdom Parliament	Linlithgow and East Falkirk	Scottish National Party	2017-06-08	United Kingdom general election, 2017		
Q19883117	Martin Docherty	57th United Kingdom Parliament	West Dunbartonshire	Scottish National Party	2017-06-08	United Kingdom general election, 2017		
Q19883132	Patricia Gibson	57th United Kingdom Parliament	North Ayrshire and Arran	Scottish National Party	2017-06-08	United Kingdom general election, 2017		
Q19883135	Patrick Grady	57th United Kingdom Parliament	Glasgow North	Scottish National Party	2017-06-08	United Kingdom general election, 2017		
Q19883145	Gavin Newlands	57th United Kingdom Parliament	Paisley and Renfrewshire North	Scottish National Party	2017-06-08	United Kingdom general election, 2017		
Q19883251	Stuart McDonald	57th United Kingdom Parliament	Cumbernauld, Kilsyth and Kirkintilloch East	Scottish National Party	2017-06-08	United Kingdom general election, 2017		
Q19883288	Alan Brown	57th United Kingdom Parliament	Kilmarnock and Loudoun	Scottish National Party	2017-06-08	United Kingdom general election, 2017		
Q19917814	Wendy Morton	57th United Kingdom Parliament	Aldridge-Brownhills	Conservative Party	2017-06-08	United Kingdom general election, 2017		
Q19930597	Cat Smith	57th United Kingdom Parliament	Lancaster and Fleetwood	Labour Party	2017-06-08	United Kingdom general election, 2017		
Q19938322	Edward Argar	57th United Kingdom Parliament	Charnwood	Conservative Party	2017-06-08	United Kingdom general election, 2017		
Q19938362	Victoria Atkins	57th United Kingdom Parliament	Louth and Horncastle	Conservative Party	2017-06-08	United Kingdom general election, 2017		
Q19946187	Jeremy Quin	57th United Kingdom Parliament	Horsham	Conservative Party	2017-06-08	United Kingdom general election, 2017		
Q19956787	James Cartlidge	57th United Kingdom Parliament	South Suffolk	Conservative Party	2017-06-08	United Kingdom general election, 2017		
Q19956815	Maria Caulfield	57th United Kingdom Parliament	Lewes	Conservative Party	2017-06-08	United Kingdom general election, 2017		
Q19956858	Alex Chalk	57th United Kingdom Parliament	Cheltenham	Conservative Party	2017-06-08	United Kingdom general election, 2017		
Q19957124	Alberto Costa	57th United Kingdom Parliament	South Leicestershire	Conservative Party	2017-06-08	United Kingdom general election, 2017		
Q19957144	Neil Coyle	57th United Kingdom Parliament	Bermondsey and Old Southwark	Labour Party	2017-06-08	United Kingdom general election, 2017		
Q19957188	Judith Cummins	57th United Kingdom Parliament	Bradford South	Labour Party	2017-06-08	United Kingdom general election, 2017		
Q19957299	Christopher Davies	57th United Kingdom Parliament	Brecon and Radnorshire	Conservative Party	2017-06-08	United Kingdom general election, 2017		
Q19957306	Mims Davies	57th United Kingdom Parliament	Eastleigh	Conservative Party	2017-06-08	United Kingdom general election, 2017		
Q19957580	Steve Double	57th United Kingdom Parliament	St Austell and Newquay	Conservative Party	2017-06-08	United Kingdom general election, 2017		
Q19957586	Peter Dowd	57th United Kingdom Parliament	Bootle	Labour Party	2017-06-08	United Kingdom general election, 2017		
Q19957590	Oliver Dowden	57th United Kingdom Parliament	Hertsmere	Conservative Party	2017-06-08	United Kingdom general election, 2017		
Q19957769	Suella Fernandes	57th United Kingdom Parliament	Fareham	Conservative Party	2017-06-08	United Kingdom general election, 2017		
Q19957790	Colleen Fletcher	57th United Kingdom Parliament	Coventry North East	Labour Party	2017-06-08	United Kingdom general election, 2017		
Q19957802	Vicky Foxcroft	57th United Kingdom Parliament	Lewisham Deptford	Labour Party	2017-06-08	United Kingdom general election, 2017		
Q19957811	Lucy Frazer	57th United Kingdom Parliament	South East Cambridgeshire	Conservative Party	2017-06-08	United Kingdom general election, 2017		
Q19957887	Nusrat Ghani	57th United Kingdom Parliament	Wealden	Conservative Party	2017-06-08	United Kingdom general election, 2017		
Q19957945	Chris Green	57th United Kingdom Parliament	Bolton West	Conservative Party	2017-06-08	United Kingdom general election, 2017		
Q19957949	Margaret Greenwood	57th United Kingdom Parliament	Wirral West	Labour Party	2017-06-08	United Kingdom general election, 2017		
Q19957992	Louise Haigh	57th United Kingdom Parliament	Sheffield Heeley	Labour Party	2017-06-08	United Kingdom general election, 2017		
Q19957996	Luke Hall	57th United Kingdom Parliament	Thornbury and Yate	Conservative Party	2017-06-08	United Kingdom general election, 2017		
Q19958026	Carolyn Harris	57th United Kingdom Parliament	Swansea East	Labour Party	2017-06-08	United Kingdom general election, 2017		
Q19958052	James Heappey	57th United Kingdom Parliament	Wells	Conservative Party	2017-06-08	United Kingdom general election, 2017		
Q19958093	Simon Hoare	57th United Kingdom Parliament	North Dorset	Conservative Party	2017-06-08	United Kingdom general election, 2017		
Q19958100	Kevin Hollinrake	57th United Kingdom Parliament	Thirsk and Malton	Conservative Party	2017-06-08	United Kingdom general election, 2017		
Q19958134	Imran Hussain	57th United Kingdom Parliament	Bradford East	Labour Party	2017-06-08	United Kingdom general election, 2017		
Q19979355	Rebecca Long-Bailey	57th United Kingdom Parliament	Salford and Eccles	Labour Party	2017-06-08	United Kingdom general election, 2017		
Q19979409	Jess Phillips	57th United Kingdom Parliament	Birmingham Yardley	Labour Party	2017-06-08	United Kingdom general election, 2017		
Q20011564	Stewart McDonald	57th United Kingdom Parliament	Glasgow South	Scottish National Party	2017-06-08	United Kingdom general election, 2017		
Q20022488	Kate Osamor	57th United Kingdom Parliament	Edmonton	Labour Co-operative	2017-06-08	United Kingdom general election, 2017		
Q20054075	Melanie Onn	57th United Kingdom Parliament	Great Grimsby	Labour Party	2017-06-08	United Kingdom general election, 2017		
Q20054083	Victoria Prentis	57th United Kingdom Parliament	Banbury	Conservative Party	2017-06-08	United Kingdom general election, 2017		
Q20055561	Rishi Sunak	57th United Kingdom Parliament	Richmond (Yorks)	Conservative Party	2017-06-08	United Kingdom general election, 2017		
Q20055581	Kelly Tolhurst	57th United Kingdom Parliament	Rochester and Strood	Conservative Party	2017-06-08	United Kingdom general election, 2017		
Q20113749	Peter Kyle	57th United Kingdom Parliament	Hove	Labour Party	2017-06-08	United Kingdom general election, 2017		
Q20127903	Clive Lewis	57th United Kingdom Parliament	Norwich South	Labour Party	2017-06-08	United Kingdom general election, 2017		
Q20127909	Holly Walker-Lynch	57th United Kingdom Parliament	Halifax	Labour Party	2017-06-08	United Kingdom general election, 2017		
Q20127923	Rachael Maskell	57th United Kingdom Parliament	York Central	Labour Co-operative	2017-06-08	United Kingdom general election, 2017		
Q20127929	Johnny Mercer	57th United Kingdom Parliament	Plymouth Moor View	Conservative Party	2017-06-08	United Kingdom general election, 2017		
Q20128115	Jo Stevens	57th United Kingdom Parliament	Cardiff Central	Labour Party	2017-06-08	United Kingdom general election, 2017		
Q20128211	Daniel Zeichner	57th United Kingdom Parliament	Cambridge	Labour Party	2017-06-08	United Kingdom general election, 2017		
Q20177497	Derek Thomas	57th United Kingdom Parliament	St Ives	Conservative Party	2017-06-08	United Kingdom general election, 2017		
Q20195263	Huw Merriman	57th United Kingdom Parliament	Bexhill and Battle	Conservative Party	2017-06-08	United Kingdom general election, 2017		
Q20195397	Seema Kennedy	57th United Kingdom Parliament	South Ribble	Conservative Party	2017-06-08	United Kingdom general election, 2017		
Q20195470	Craig Tracey	57th United Kingdom Parliament	North Warwickshire	Conservative Party	2017-06-08	United Kingdom general election, 2017		
Q20203414	Matthew Pennycook	57th United Kingdom Parliament	Greenwich and Woolwich	Labour Party	2017-06-08	United Kingdom general election, 2017		
Q20647531	Gerald Jones	57th United Kingdom Parliament	Merthyr Tydfil and Rhymney	Labour Party	2017-06-08	United Kingdom general election, 2017		
Q20647567	Julian Knight	57th United Kingdom Parliament	Solihull	Conservative Party	2017-06-08	United Kingdom general election, 2017		
Q20647673	Justin Madders	57th United Kingdom Parliament	Ellesmere Port and Neston	Labour Party	2017-06-08	United Kingdom general election, 2017		
Q20647692	Scott Mann	57th United Kingdom Parliament	North Cornwall	Conservative Party	2017-06-08	United Kingdom general election, 2017		
Q20647738	Chris Matheson	57th United Kingdom Parliament	City of Chester	Labour Party	2017-06-08	United Kingdom general election, 2017		
Q20647800	Paul Scully	57th United Kingdom Parliament	Sutton and Cheam	Conservative Party	2017-06-08	United Kingdom general election, 2017		
Q20647819	Maggie Throup	57th United Kingdom Parliament	Erewash	Conservative Party	2017-06-08	United Kingdom general election, 2017		
Q20647855	Rebecca Pow	57th United Kingdom Parliament	Taunton Deane	Conservative Party	2017-06-08	United Kingdom general election, 2017		
Q20647896	Michael Tomlinson	57th United Kingdom Parliament	Mid Dorset and North Poole	Conservative Party	2017-06-08	United Kingdom general election, 2017		
Q20647924	Paula Sherriff	57th United Kingdom Parliament	Dewsbury	Labour Party	2017-06-08	United Kingdom general election, 2017		
Q20648244	Anne-Marie Trevelyan	57th United Kingdom Parliament	Berwick-upon-Tweed	Conservative Party	2017-06-08	United Kingdom general election, 2017		
Q20648325	Mike Wood	57th United Kingdom Parliament	Dudley South	Conservative Party	2017-06-08	United Kingdom general election, 2017		
Q20648332	Christina Rees	57th United Kingdom Parliament	Neath	Labour Co-operative	2017-06-08	United Kingdom general election, 2017		
Q20648365	Jeff Smith	57th United Kingdom Parliament	Manchester Withington	Labour Party	2017-06-08	United Kingdom general election, 2017		
Q20648372	Royston Smith	57th United Kingdom Parliament	Southampton Itchen	Conservative Party	2017-06-08	United Kingdom general election, 2017		
Q20648385	Thomas Tugendhat	57th United Kingdom Parliament	Tonbridge and Malling	Conservative Party	2017-06-08	United Kingdom general election, 2017		
Q20648420	Anna Turley	57th United Kingdom Parliament	Redcar	Labour Co-operative	2017-06-08	United Kingdom general election, 2017		
Q20648527	Marie Rimmer	57th United Kingdom Parliament	St Helens South and Whiston	Labour Party	2017-06-08	United Kingdom general election, 2017		
Q20648556	Matt Warman	57th United Kingdom Parliament	Boston and Skegness	Conservative Party	2017-06-08	United Kingdom general election, 2017		
Q20648564	Mary Robinson	57th United Kingdom Parliament	Cheadle	Conservative Party	2017-06-08	United Kingdom general election, 2017		
Q20648913	Nick Thomas-Symonds	57th United Kingdom Parliament	Torfaen	Labour Party	2017-06-08	United Kingdom general election, 2017		
Q20648982	Amanda Milling	57th United Kingdom Parliament	Cannock Chase	Conservative Party	2017-06-08	United Kingdom general election, 2017		
Q20732037	William Wragg	57th United Kingdom Parliament	Hazel Grove	Conservative Party	2017-06-08	United Kingdom general election, 2017		
Q20747098	Helen Whately	57th United Kingdom Parliament	Faversham and Mid Kent	Conservative Party	2017-06-08	United Kingdom general election, 2017		
Q21234823	Emma Pengelly	57th United Kingdom Parliament	Belfast South	Democratic Unionist Party	2017-06-08	United Kingdom general election, 2017		
Q21592171	Kemi Badenoch	57th United Kingdom Parliament	Saffron Walden	Conservative Party	2017-06-08	United Kingdom general election, 2017		
Q216594	Ed Miliband	57th United Kingdom Parliament	Doncaster North	Labour Party	2017-06-08	United Kingdom general election, 2017		
Q232639	Margaret Beckett	57th United Kingdom Parliament	Derby South	Labour Party	2017-06-08	United Kingdom general election, 2017		
Q234182	Harriet Harman	57th United Kingdom Parliament	Camberwell and Peckham	Labour Party	2017-06-08	United Kingdom general election, 2017		
Q24034408	Gill Furniss	57th United Kingdom Parliament	Sheffield Brightside and Hillsborough	Labour Party	2017-06-08	United Kingdom general election, 2017		
Q24034678	Ross Thomson	57th United Kingdom Parliament	Aberdeen South	Conservative Party	2017-06-08	United Kingdom general election, 2017		
Q24039769	Douglas Ross	57th United Kingdom Parliament	Moray	Conservative Party	2017-06-08	United Kingdom general election, 2017		
Q24053857	Chris Elmore	57th United Kingdom Parliament	Ogmore	Labour Party	2017-06-08	United Kingdom general election, 2017		
Q244312	Vince Cable	57th United Kingdom Parliament	Twickenham	Liberal Democrats	2017-06-08	United Kingdom general election, 2017		
Q24668273	Rosena Allin-Khan	57th United Kingdom Parliament	Tooting	Labour Party	2017-06-08	United Kingdom general election, 2017		
Q251095	Caroline Flint	57th United Kingdom Parliament	Don Valley	Labour Party	2017-06-08	United Kingdom general election, 2017		
Q258088	Debbie Abrahams	57th United Kingdom Parliament	Oldham East and Saddleworth	Labour Party	2017-06-08	United Kingdom general election, 2017		
Q258292	Nigel Adams	57th United Kingdom Parliament	Selby and Ainsty	Conservative Party	2017-06-08	United Kingdom general election, 2017		
Q258473	Adam Afriyie	57th United Kingdom Parliament	Windsor	Conservative Party	2017-06-08	United Kingdom general election, 2017		
Q258586	Nadine Dorries	57th United Kingdom Parliament	Mid Bedfordshire	Conservative Party	2017-06-08	United Kingdom general election, 2017		
Q258963	Peter Aldous	57th United Kingdom Parliament	Waveney	Conservative Party	2017-06-08	United Kingdom general election, 2017		
Q259359	Heidi Alexander	57th United Kingdom Parliament	Lewisham East	Labour Party	2017-06-08	United Kingdom general election, 2017	2018-05-09	resignation
Q259361	Nadhim Zahawi	57th United Kingdom Parliament	Stratford-on-Avon	Conservative Party	2017-06-08	United Kingdom general election, 2017		
Q259423	Rushanara Ali	57th United Kingdom Parliament	Bethnal Green and Bow	Labour Party	2017-06-08	United Kingdom general election, 2017		
Q259646	David Amess	57th United Kingdom Parliament	Southend West	Conservative Party	2017-06-08	United Kingdom general election, 2017		
Q259707	Stuart Andrew	57th United Kingdom Parliament	Pudsey	Conservative Party	2017-06-08	United Kingdom general election, 2017		
Q259895	Jon Ashworth	57th United Kingdom Parliament	Leicester South	Labour Co-operative	2017-06-08	United Kingdom general election, 2017		
Q259935	Ian Austin	57th United Kingdom Parliament	Dudley North	Labour Party	2017-06-08	United Kingdom general election, 2017		
Q260013	Adrian Bailey	57th United Kingdom Parliament	West Bromwich West	Labour Co-operative	2017-06-08	United Kingdom general election, 2017		
Q260111	Steve Baker	57th United Kingdom Parliament	Wycombe	Conservative Party	2017-06-08	United Kingdom general election, 2017		
Q260429	Harriett Baldwin	57th United Kingdom Parliament	West Worcestershire	Conservative Party	2017-06-08	United Kingdom general election, 2017		
Q260489	Jeremy Wright	57th United Kingdom Parliament	Kenilworth and Southam	Conservative Party	2017-06-08	United Kingdom general election, 2017		
Q260546	Stephen Barclay	57th United Kingdom Parliament	North East Cambridgeshire	Conservative Party	2017-06-08	United Kingdom general election, 2017		
Q260631	Kevin Barron	57th United Kingdom Parliament	Rother Valley	Labour Party	2017-06-08	United Kingdom general election, 2017		
Q260772	Guto Bebb	57th United Kingdom Parliament	Aberconwy	Conservative Party	2017-06-08	United Kingdom general election, 2017		
Q261214	John Woodcock	57th United Kingdom Parliament	Barrow and Furness	Labour Co-operative	2017-06-08	United Kingdom general election, 2017	2018-04-30	suspension from a political party
Q261214	John Woodcock	57th United Kingdom Parliament	Barrow and Furness	independent politician	2018-04-30			
Q261553	Sarah Wollaston	57th United Kingdom Parliament	Totnes	Conservative Party	2017-06-08	United Kingdom general election, 2017		
Q261675	Pete Wishart	57th United Kingdom Parliament	Perth and North Perthshire	Scottish National Party	2017-06-08	United Kingdom general election, 2017		
Q261773	Rosie Winterton	57th United Kingdom Parliament	Doncaster Central	Labour Party	2017-06-08	United Kingdom general election, 2017		
Q262040	Sammy Wilson	57th United Kingdom Parliament	East Antrim	Democratic Unionist Party	2017-06-08	United Kingdom general election, 2017		
Q262201	Phil Wilson	57th United Kingdom Parliament	Sedgefield	Labour Party	2017-06-08	United Kingdom general election, 2017		
Q262409	Gavin Williamson	57th United Kingdom Parliament	South Staffordshire	Conservative Party	2017-06-08	United Kingdom general election, 2017		
Q262539	Charles Walker	57th United Kingdom Parliament	Broxbourne	Conservative Party	2017-06-08	United Kingdom general election, 2017		
Q262616	Henry Bellingham	57th United Kingdom Parliament	North West Norfolk	Conservative Party	2017-06-08	United Kingdom general election, 2017		
Q262742	Hilary Benn	57th United Kingdom Parliament	Leeds Central	Labour Party	2017-06-08	United Kingdom general election, 2017		
Q262931	Richard Benyon	57th United Kingdom Parliament	Newbury	Conservative Party	2017-06-08	United Kingdom general election, 2017		
Q263076	Robin Walker	57th United Kingdom Parliament	Worcester	Conservative Party	2017-06-08	United Kingdom general election, 2017		
Q263147	John Bercow	57th United Kingdom Parliament	Buckingham	Speaker of the House of Commons	2017-06-08	United Kingdom general election, 2017		
Q263166	Ben Wallace	57th United Kingdom Parliament	Wyre and Preston North	Conservative Party	2017-06-08	United Kingdom general election, 2017		
Q263243	Paul Beresford	57th United Kingdom Parliament	Mole Valley	Conservative Party	2017-06-08	United Kingdom general election, 2017		
Q263299	Luciana Berger	57th United Kingdom Parliament	Liverpool Wavertree	Labour Co-operative	2017-06-08	United Kingdom general election, 2017		
Q263350	Jake Berry	57th United Kingdom Parliament	Rossendale and Darwen	Conservative Party	2017-06-08	United Kingdom general election, 2017		
Q263508	Clive Betts	57th United Kingdom Parliament	Sheffield South East	Labour Party	2017-06-08	United Kingdom general election, 2017		
Q263802	Tom Watson	57th United Kingdom Parliament	West Bromwich East	Labour Party	2017-06-08	United Kingdom general election, 2017		
Q263875	Bob Blackman	57th United Kingdom Parliament	Harrow East	Conservative Party	2017-06-08	United Kingdom general election, 2017		
Q263923	Roberta Blackman-Woods	57th United Kingdom Parliament	City of Durham	Labour Party	2017-06-08	United Kingdom general election, 2017		
Q264132	Paul Blomfield	57th United Kingdom Parliament	Sheffield Central	Labour Party	2017-06-08	United Kingdom general election, 2017		
Q264305	Crispin Blunt	57th United Kingdom Parliament	Reigate	Conservative Party	2017-06-08	United Kingdom general election, 2017		
Q264365	Nicholas Boles	57th United Kingdom Parliament	Grantham and Stamford	Conservative Party	2017-06-08	United Kingdom general election, 2017		
Q264374	Heather Wheeler	57th United Kingdom Parliament	South Derbyshire	Conservative Party	2017-06-08	United Kingdom general election, 2017		
Q264426	Peter Bone	57th United Kingdom Parliament	Wellingborough	Conservative Party	2017-06-08	United Kingdom general election, 2017		
Q264477	Peter Bottomley	57th United Kingdom Parliament	Worthing West	Conservative Party	2017-06-08	United Kingdom general election, 2017		
Q264560	Karen Bradley	57th United Kingdom Parliament	Staffordshire Moorlands	Conservative Party	2017-06-08	United Kingdom general election, 2017		
Q264585	Alan Whitehead	57th United Kingdom Parliament	Southampton Test	Labour Party	2017-06-08	United Kingdom general election, 2017		
Q264618	Ben Bradshaw	57th United Kingdom Parliament	Exeter	Labour Party	2017-06-08	United Kingdom general election, 2017		
Q264636	Craig Whittaker	57th United Kingdom Parliament	Calder Valley	Conservative Party	2017-06-08	United Kingdom general election, 2017		
Q264662	Graham Brady	57th United Kingdom Parliament	Altrincham and Sale West	Conservative Party	2017-06-08	United Kingdom general election, 2017		
Q264684	John Whittingdale	57th United Kingdom Parliament	Maldon	Conservative Party	2017-06-08	United Kingdom general election, 2017		
Q264720	Tom Brake	57th United Kingdom Parliament	Carshalton and Wallington	Liberal Democrats	2017-06-08	United Kingdom general election, 2017		
Q264766	Theresa May	57th United Kingdom Parliament	Maidenhead	Conservative Party	2017-06-08	United Kingdom general election, 2017		
Q264964	Kevin Brennan	57th United Kingdom Parliament	Cardiff West	Labour Party	2017-06-08	United Kingdom general election, 2017		
Q265028	Andrew Bridgen	57th United Kingdom Parliament	North West Leicestershire	Conservative Party	2017-06-08	United Kingdom general election, 2017		
Q265088	Steve Brine	57th United Kingdom Parliament	Winchester	Conservative Party	2017-06-08	United Kingdom general election, 2017		
Q265140	James Brokenshire	57th United Kingdom Parliament	Old Bexley and Sidcup	Conservative Party	2017-06-08	United Kingdom general election, 2017		
Q265870	Lyn Brown	57th United Kingdom Parliament	West Ham	Labour Party	2017-06-08	United Kingdom general election, 2017		
Q265900	Bill Wiggin	57th United Kingdom Parliament	North Herefordshire	Conservative Party	2017-06-08	United Kingdom general election, 2017		
Q265935	Nick Brown	57th United Kingdom Parliament	Newcastle upon Tyne East	Labour Party	2017-06-08	United Kingdom general election, 2017		
Q266078	Fiona Bruce	57th United Kingdom Parliament	Congleton	Conservative Party	2017-06-08	United Kingdom general election, 2017		
Q266146	Chris Bryant	57th United Kingdom Parliament	Rhondda	Labour Party	2017-06-08	United Kingdom general election, 2017		
Q266189	Hywel Williams	57th United Kingdom Parliament	Arfon	Plaid Cymru	2017-06-08	United Kingdom general election, 2017		
Q266238	Karen Buck	57th United Kingdom Parliament	Westminster North	Labour Party	2017-06-08	United Kingdom general election, 2017		
Q266647	Chris Williamson	57th United Kingdom Parliament	Derby North	Labour Party	2017-06-08	United Kingdom general election, 2017		
Q266793	Theresa Villiers	57th United Kingdom Parliament	Chipping Barnet	Conservative Party	2017-06-08	United Kingdom general election, 2017		
Q266905	Martin Vickers	57th United Kingdom Parliament	Cleethorpes	Conservative Party	2017-06-08	United Kingdom general election, 2017		
Q266978	Valerie Vaz	57th United Kingdom Parliament	Walsall South	Labour Party	2017-06-08	United Kingdom general election, 2017		
Q267105	Keith Vaz	57th United Kingdom Parliament	Leicester East	Labour Party	2017-06-08	United Kingdom general election, 2017		
Q267234	Shailesh Vara	57th United Kingdom Parliament	North West Cambridgeshire	Conservative Party	2017-06-08	United Kingdom general election, 2017		
Q267485	Ed Vaizey	57th United Kingdom Parliament	Wantage	Conservative Party	2017-06-08	United Kingdom general election, 2017		
Q267648	Chuka Umunna	57th United Kingdom Parliament	Streatham	Labour Party	2017-06-08	United Kingdom general election, 2017		
Q267930	Yasmin Qureshi	57th United Kingdom Parliament	Bolton South East	Labour Party	2017-06-08	United Kingdom general election, 2017		
Q268030	Alun Cairns	57th United Kingdom Parliament	Vale of Glamorgan	Conservative Party	2017-06-08	United Kingdom general election, 2017		
Q268196	Alan Campbell	57th United Kingdom Parliament	Tynemouth	Labour Party	2017-06-08	United Kingdom general election, 2017		
Q268465	Gregory Campbell	57th United Kingdom Parliament	East Londonderry	Democratic Unionist Party	2017-06-08	United Kingdom general election, 2017		
Q268584	Dominic Raab	57th United Kingdom Parliament	Esher and Walton	Conservative Party	2017-06-08	United Kingdom general election, 2017		
Q269005	Ronnie Campbell	57th United Kingdom Parliament	Blyth Valley	Labour Party	2017-06-08	United Kingdom general election, 2017		
Q269124	Alistair Carmichael	57th United Kingdom Parliament	Orkney and Shetland	Liberal Democrats	2017-06-08	United Kingdom general election, 2017		
Q269449	Bill Cash	57th United Kingdom Parliament	Stone	Conservative Party	2017-06-08	United Kingdom general election, 2017		
Q269638	Jennifer Chapman	57th United Kingdom Parliament	Darlington	Labour Party	2017-06-08	United Kingdom general election, 2017		
Q269697	Liam Byrne	57th United Kingdom Parliament	Birmingham Hodge Hill	Labour Party	2017-06-08	United Kingdom general election, 2017		
Q269853	Robert Buckland	57th United Kingdom Parliament	South Swindon	Conservative Party	2017-06-08	United Kingdom general election, 2017		
Q269868	Richard Burden	57th United Kingdom Parliament	Birmingham Northfield	Labour Party	2017-06-08	United Kingdom general election, 2017		
Q269925	Conor Burns	57th United Kingdom Parliament	Bournemouth West	Conservative Party	2017-06-08	United Kingdom general election, 2017		
Q270009	Alistair Burt	57th United Kingdom Parliament	North East Bedfordshire	Conservative Party	2017-06-08	United Kingdom general election, 2017		
Q271683	Rehman Chishti	57th United Kingdom Parliament	Gillingham and Rainham	Conservative Party	2017-06-08	United Kingdom general election, 2017		
Q271715	Christopher Chope	57th United Kingdom Parliament	Christchurch	Conservative Party	2017-06-08	United Kingdom general election, 2017		
Q271800	Greg Clark	57th United Kingdom Parliament	Tunbridge Wells	Conservative Party	2017-06-08	United Kingdom general election, 2017		
Q271889	Kenneth Clarke	57th United Kingdom Parliament	Rushcliffe	Conservative Party	2017-06-08	United Kingdom general election, 2017		
Q272041	Stephen Twigg	57th United Kingdom Parliament	Liverpool West Derby	Labour Co-operative	2017-06-08	United Kingdom general election, 2017		
Q272098	Derek Twigg	57th United Kingdom Parliament	Halton	Labour Party	2017-06-08	United Kingdom general election, 2017		
Q272123	Karl Turner	57th United Kingdom Parliament	Kingston upon Hull East	Labour Party	2017-06-08	United Kingdom general election, 2017		
Q272201	Elizabeth Truss	57th United Kingdom Parliament	South West Norfolk	Conservative Party	2017-06-08	United Kingdom general election, 2017		
Q272234	Jon Trickett	57th United Kingdom Parliament	Hemsworth	Labour Party	2017-06-08	United Kingdom general election, 2017		
Q272259	David Tredinnick	57th United Kingdom Parliament	Bosworth	Conservative Party	2017-06-08	United Kingdom general election, 2017		
Q272288	Justin Tomlinson	57th United Kingdom Parliament	North Swindon	Conservative Party	2017-06-08	United Kingdom general election, 2017		
Q272346	Stephen Timms	57th United Kingdom Parliament	East Ham	Labour Party	2017-06-08	United Kingdom general election, 2017		
Q272408	Emily Thornberry	57th United Kingdom Parliament	Islington South and Finsbury	Labour Party	2017-06-08	United Kingdom general election, 2017		
Q272452	Gareth Thomas	57th United Kingdom Parliament	Harrow West	Labour Co-operative	2017-06-08	United Kingdom general election, 2017		
Q272569	Mark Tami	57th United Kingdom Parliament	Alyn and Deeside	Labour Party	2017-06-08	United Kingdom general election, 2017		
Q272643	Stephen Metcalfe	57th United Kingdom Parliament	South Basildon and East Thurrock	Conservative Party	2017-06-08	United Kingdom general election, 2017		
Q27671735	Robert Courts	57th United Kingdom Parliament	Witney	Conservative Party	2017-06-08	United Kingdom general election, 2017		
Q27943421	Ruth George	57th United Kingdom Parliament	High Peak	Labour Party	2017-06-08	United Kingdom general election, 2017		
Q27979810	Caroline Johnson	57th United Kingdom Parliament	Sleaford and North Hykeham	Conservative Party	2017-06-08	United Kingdom general election, 2017		
Q285183	Geoffrey Clifton-Brown	57th United Kingdom Parliament	The Cotswolds	Conservative Party	2017-06-08	United Kingdom general election, 2017		
Q285249	Ann Clwyd	57th United Kingdom Parliament	Cynon Valley	Labour Party	2017-06-08	United Kingdom general election, 2017		
Q285975	Vernon Coaker	57th United Kingdom Parliament	Gedling	Labour Party	2017-06-08	United Kingdom general election, 2017		
Q286043	Ann Coffey	57th United Kingdom Parliament	Stockport	Labour Party	2017-06-08	United Kingdom general election, 2017		
Q28834849	Gareth Snell	57th United Kingdom Parliament	Stoke-on-Trent Central	Labour Co-operative	2017-06-08	United Kingdom general election, 2017		
Q28834855	Trudy Harrison	57th United Kingdom Parliament	Copeland	Conservative Party	2017-06-08	United Kingdom general election, 2017		
Q28867747	Elisha McCallion	57th United Kingdom Parliament	Foyle	Sinn FÃ©in	2017-06-08	United Kingdom general election, 2017		
Q290474	Madeleine Moon	57th United Kingdom Parliament	Bridgend	Labour Party	2017-06-08	United Kingdom general election, 2017		
Q290554	Therese Coffey	57th United Kingdom Parliament	Suffolk Coastal	Conservative Party	2017-06-08	United Kingdom general election, 2017		
Q290646	Damian Collins	57th United Kingdom Parliament	Folkestone and Hythe	Conservative Party	2017-06-08	United Kingdom general election, 2017		
Q290855	Rosie Cooper	57th United Kingdom Parliament	West Lancashire	Labour Party	2017-06-08	United Kingdom general election, 2017		
Q291057	Yvette Cooper	57th United Kingdom Parliament	Normanton, Pontefract and Castleford	Labour Party	2017-06-08	United Kingdom general election, 2017		
Q291169	Jeremy Corbyn	57th United Kingdom Parliament	Islington North	Labour Party	2017-06-08	United Kingdom general election, 2017		
Q291303	Geoffrey Cox	57th United Kingdom Parliament	Torridge and West Devon	Conservative Party	2017-06-08	United Kingdom general election, 2017		
Q291393	Stephen Crabb	57th United Kingdom Parliament	Preseli Pembrokeshire	Conservative Party	2017-06-08	United Kingdom general election, 2017		
Q291441	David Crausby	57th United Kingdom Parliament	Bolton North East	Labour Party	2017-06-08	United Kingdom general election, 2017		
Q291470	Mary Creagh	57th United Kingdom Parliament	Wakefield	Labour Party	2017-06-08	United Kingdom general election, 2017		
Q291502	Stella Creasy	57th United Kingdom Parliament	Walthamstow	Labour Co-operative	2017-06-08	United Kingdom general election, 2017		
Q291557	Tracey Crouch	57th United Kingdom Parliament	Chatham and Aylesford	Conservative Party	2017-06-08	United Kingdom general election, 2017		
Q291591	Jon Cruddas	57th United Kingdom Parliament	Dagenham and Rainham	Labour Party	2017-06-08	United Kingdom general election, 2017		
Q291615	John Cryer	57th United Kingdom Parliament	Leyton and Wanstead	Labour Party	2017-06-08	United Kingdom general election, 2017		
Q291649	Alex Cunningham	57th United Kingdom Parliament	Stockton North	Labour Party	2017-06-08	United Kingdom general election, 2017		
Q291683	Jim Cunningham	57th United Kingdom Parliament	Coventry South	Labour Party	2017-06-08	United Kingdom general election, 2017		
Q291785	Nic Dakin	57th United Kingdom Parliament	Scunthorpe	Labour Party	2017-06-08	United Kingdom general election, 2017		
Q296689	Edward Davey	57th United Kingdom Parliament	Kingston and Surbiton	Liberal Democrats	2017-06-08	United Kingdom general election, 2017		
Q296716	Wayne David	57th United Kingdom Parliament	Caerphilly	Labour Party	2017-06-08	United Kingdom general election, 2017		
Q296797	David Davies	57th United Kingdom Parliament	Monmouth	Conservative Party	2017-06-08	United Kingdom general election, 2017		
Q296866	Geraint Davies	57th United Kingdom Parliament	Swansea West	Labour Co-operative	2017-06-08	United Kingdom general election, 2017		
Q296920	Glyn Davies	57th United Kingdom Parliament	Montgomeryshire	Conservative Party	2017-06-08	United Kingdom general election, 2017		
Q300004	Philip Davies	57th United Kingdom Parliament	Shipley	Conservative Party	2017-06-08	United Kingdom general election, 2017		
Q300023	David Davis	57th United Kingdom Parliament	Haltemprice and Howden	Conservative Party	2017-06-08	United Kingdom general election, 2017		
Q300049	Gloria De Piero	57th United Kingdom Parliament	Ashfield	Labour Party	2017-06-08	United Kingdom general election, 2017		
Q300107	Caroline Dinenage	57th United Kingdom Parliament	Gosport	Conservative Party	2017-06-08	United Kingdom general election, 2017		
Q300142	Jonathan Djanogly	57th United Kingdom Parliament	Huntingdon	Conservative Party	2017-06-08	United Kingdom general election, 2017		
Q300243	Nigel Dodds	57th United Kingdom Parliament	Belfast North	Democratic Unionist Party	2017-06-08	United Kingdom general election, 2017		
Q300292	Jeffrey Donaldson	57th United Kingdom Parliament	Lagan Valley	Democratic Unionist Party	2017-06-08	United Kingdom general election, 2017		
Q30163209	Gerard Killen	57th United Kingdom Parliament	Rutherglen and Hamilton West	Labour Co-operative	2017-06-08	United Kingdom general election, 2017		
Q30163380	Jo Platt	57th United Kingdom Parliament	Leigh	Labour Co-operative	2017-06-08	United Kingdom general election, 2017		
Q30163437	Kirstene Hair	57th United Kingdom Parliament	Angus	Conservative Party	2017-06-08	United Kingdom general election, 2017		
Q30163501	Marsha de Cordova	57th United Kingdom Parliament	Battersea	Labour Party	2017-06-08	United Kingdom general election, 2017		
Q30163560	James Frith	57th United Kingdom Parliament	Bury North	Labour Party	2017-06-08	United Kingdom general election, 2017		
Q30163628	Danielle Rowley	57th United Kingdom Parliament	Midlothian	Labour Party	2017-06-08	United Kingdom general election, 2017		
Q30163629	Paul Sweeney	57th United Kingdom Parliament	Glasgow North East	Labour Party	2017-06-08	United Kingdom general election, 2017		
Q30163703	Damien Moore	57th United Kingdom Parliament	Southport	Conservative Party	2017-06-08	United Kingdom general election, 2017		
Q30163918	Fiona Onasanya	57th United Kingdom Parliament	Peterborough	Labour Party	2017-06-08	United Kingdom general election, 2017		
Q30164276	Lesley Laird	57th United Kingdom Parliament	Kirkcaldy and Cowdenbeath	Labour Party	2017-06-08	United Kingdom general election, 2017		
Q30164279	Anna McMorrin	57th United Kingdom Parliament	Cardiff North	Labour Party	2017-06-08	United Kingdom general election, 2017		
Q30164280	Wera Hobhouse	57th United Kingdom Parliament	Bath	Liberal Democrats	2017-06-08	United Kingdom general election, 2017		
Q30164281	Paul Masterton	57th United Kingdom Parliament	East Renfrewshire	Conservative Party	2017-06-08	United Kingdom general election, 2017		
Q30164376	Matt Western	57th United Kingdom Parliament	Warwick and Leamington	Labour Party	2017-06-08	United Kingdom general election, 2017		
Q30164379	Hugh Gaffney	57th United Kingdom Parliament	Coatbridge, Chryston and Bellshill	Labour Party	2017-06-08	United Kingdom general election, 2017		
Q30164380	Rosie Duffield	57th United Kingdom Parliament	Canterbury	Labour Party	2017-06-08	United Kingdom general election, 2017		
Q30164451	Stephanie Peacock	57th United Kingdom Parliament	Barnsley East	Labour Party	2017-06-08	United Kingdom general election, 2017		
Q30164696	Christine Jardine	57th United Kingdom Parliament	Edinburgh West	Liberal Democrats	2017-06-08	United Kingdom general election, 2017		
Q30164739	Mike Hill	57th United Kingdom Parliament	Hartlepool	Labour Party	2017-06-08	United Kingdom general election, 2017		
Q30164792	Alex Sobel	57th United Kingdom Parliament	Leeds North West	Labour Co-operative	2017-06-08	United Kingdom general election, 2017		
Q30164795	Stephen Kerr	57th United Kingdom Parliament	Stirling	Conservative Party	2017-06-08	United Kingdom general election, 2017		
Q30164902	Luke Pollard	57th United Kingdom Parliament	Plymouth Sutton and Devonport	Labour Co-operative	2017-06-08	United Kingdom general election, 2017		
Q30164903	Matt Rodda	57th United Kingdom Parliament	Reading East	Labour Party	2017-06-08	United Kingdom general election, 2017		
Q30165006	Thelma Walker	57th United Kingdom Parliament	Colne Valley	Labour Party	2017-06-08	United Kingdom general election, 2017		
Q30165049	Paul Williams	57th United Kingdom Parliament	Stockton South	Labour Party	2017-06-08	United Kingdom general election, 2017		
Q30165113	Lloyd Russell-Moyle	57th United Kingdom Parliament	Brighton Kemptown	Labour Co-operative	2017-06-08	United Kingdom general election, 2017		
Q30165325	Bambos Charalambous	57th United Kingdom Parliament	Enfield Southgate	Labour Party	2017-06-08	United Kingdom general election, 2017		
Q30165327	Lee Rowley	57th United Kingdom Parliament	North East Derbyshire	Conservative Party	2017-06-08	United Kingdom general election, 2017		
Q30165535	Jack Brereton	57th United Kingdom Parliament	Stoke-on-Trent South	Conservative Party	2017-06-08	United Kingdom general election, 2017		
Q30165536	Tonia Antoniazzi	57th United Kingdom Parliament	Gower	Labour Party	2017-06-08	United Kingdom general election, 2017		
Q30165682	Alister Jack	57th United Kingdom Parliament	Dumfries and Galloway	Conservative Party	2017-06-08	United Kingdom general election, 2017		
Q30165748	Liz Twist	57th United Kingdom Parliament	Blaydon	Labour Party	2017-06-08	United Kingdom general election, 2017		
Q30166575	Faisal Rashid	57th United Kingdom Parliament	Warrington South	Labour Party	2017-06-08	United Kingdom general election, 2017		
Q30167357	Martin Whitfield	57th United Kingdom Parliament	East Lothian	Labour Party	2017-06-08	United Kingdom general election, 2017		
Q30168147	Luke Graham	57th United Kingdom Parliament	Ochil and South Perthshire	Conservative Party	2017-06-08	United Kingdom general election, 2017		
Q30169287	Tanmanjeet Singh Dhesi	57th United Kingdom Parliament	Slough	Labour Party	2017-06-08	United Kingdom general election, 2017		
Q30172752	Ben Lake	57th United Kingdom Parliament	Ceredigion	Plaid Cymru	2017-06-08	United Kingdom general election, 2017		
Q30172941	Emma Dent Coad	57th United Kingdom Parliament	Kensington	Labour Party	2017-06-08	United Kingdom general election, 2017		
Q30173119	Preet Gill	57th United Kingdom Parliament	Birmingham Edgbaston	Labour Co-operative	2017-06-08	United Kingdom general election, 2017		
Q30174601	Colin Clark	57th United Kingdom Parliament	Gordon	Conservative Party	2017-06-08	United Kingdom general election, 2017		
Q30174635	Laura Pidcock	57th United Kingdom Parliament	North West Durham	Labour Party	2017-06-08	United Kingdom general election, 2017		
Q30174665	Darren Jones	57th United Kingdom Parliament	Bristol North West	Labour Party	2017-06-08	United Kingdom general election, 2017		
Q30174692	Bim Afolami	57th United Kingdom Parliament	Hitchin and Harpenden	Conservative Party	2017-06-08	United Kingdom general election, 2017		
Q30174715	Eleanor Smith	57th United Kingdom Parliament	Wolverhampton South West	Labour Party	2017-06-08	United Kingdom general election, 2017		
Q30174734	Julia Lopez	57th United Kingdom Parliament	Hornchurch and Upminster	Conservative Party	2017-06-08	United Kingdom general election, 2017		
Q30176559	David Duguid	57th United Kingdom Parliament	Banff and Buchan	Conservative Party	2017-06-08	United Kingdom general election, 2017		
Q30179008	Stephen Morgan	57th United Kingdom Parliament	Portsmouth South	Labour Party	2017-06-08	United Kingdom general election, 2017		
Q30179052	Sarah Jones	57th United Kingdom Parliament	Croydon Central	Labour Party	2017-06-08	United Kingdom general election, 2017		
Q30188435	Bill Grant	57th United Kingdom Parliament	Ayr, Carrick and Cumnock	Conservative Party	2017-06-08	United Kingdom general election, 2017		
Q302036	Jackie Doyle-Price	57th United Kingdom Parliament	Thurrock	Conservative Party	2017-06-08	United Kingdom general election, 2017		
Q302187	Richard Drax	57th United Kingdom Parliament	South Dorset	Conservative Party	2017-06-08	United Kingdom general election, 2017		
Q30223596	Mike Amesbury	57th United Kingdom Parliament	Weaver Vale	Labour Party	2017-06-08	United Kingdom general election, 2017		
Q30223599	Ben Bradley	57th United Kingdom Parliament	Mansfield	Conservative Party	2017-06-08	United Kingdom general election, 2017		
Q30223601	Layla Moran	57th United Kingdom Parliament	Oxford West and Abingdon	Liberal Democrats	2017-06-08	United Kingdom general election, 2017		
Q30224361	David Linden	57th United Kingdom Parliament	Glasgow East	Scottish National Party	2017-06-08	United Kingdom general election, 2017		
Q302244	Jack Dromey	57th United Kingdom Parliament	Birmingham Erdington	Labour Party	2017-06-08	United Kingdom general election, 2017		
Q30224657	Andrew Bowie	57th United Kingdom Parliament	West Aberdeenshire and Kincardine	Conservative Party	2017-06-08	United Kingdom general election, 2017		
Q30226321	Dan Carden	57th United Kingdom Parliament	Liverpool Walton	Labour Party	2017-06-08	United Kingdom general election, 2017		
Q30228118	Simon Clarke	57th United Kingdom Parliament	Middlesbrough South and East Cleveland	Conservative Party	2017-06-08	United Kingdom general election, 2017		
Q30228145	Sandy Martin	57th United Kingdom Parliament	Ipswich	Labour Party	2017-06-08	United Kingdom general election, 2017		
Q302309	James Duddridge	57th United Kingdom Parliament	Rochford and Southend East	Conservative Party	2017-06-08	United Kingdom general election, 2017		
Q30232942	Gillian Keegan	57th United Kingdom Parliament	Chichester	Conservative Party	2017-06-08	United Kingdom general election, 2017		
Q30234239	Alex Burghart	57th United Kingdom Parliament	Brentwood and Ongar	Conservative Party	2017-06-08	United Kingdom general election, 2017		
Q30234240	Ellie Reeves	57th United Kingdom Parliament	Lewisham West and Penge	Labour Party	2017-06-08	United Kingdom general election, 2017		
Q30234241	Rachel Maclean	57th United Kingdom Parliament	Redditch	Conservative Party	2017-06-08	United Kingdom general election, 2017		
Q30234242	Emma Hardy	57th United Kingdom Parliament	Kingston upon Hull West and Hessle	Labour Party	2017-06-08	United Kingdom general election, 2017		
Q30234243	Alex Norris	57th United Kingdom Parliament	Nottingham North	Labour Co-operative	2017-06-08	United Kingdom general election, 2017		
Q30234245	Leo Docherty	57th United Kingdom Parliament	Aldershot	Conservative Party	2017-06-08	United Kingdom general election, 2017		
Q30234246	Jared O'Mara	57th United Kingdom Parliament	Sheffield Hallam	Labour Party	2017-06-08	United Kingdom general election, 2017	2017-10-25	suspension from a political party
Q30234246	Jared O'Mara	57th United Kingdom Parliament	Sheffield Hallam	independent politician	2017-10-25			
Q30234247	Mohammad Yasin	57th United Kingdom Parliament	Bedford	Labour Party	2017-06-08	United Kingdom general election, 2017		
Q30234248	Robert Seely	57th United Kingdom Parliament	Isle of Wight	Conservative Party	2017-06-08	United Kingdom general election, 2017		
Q30234249	Laura Smith	57th United Kingdom Parliament	Crewe and Nantwich	Labour Party	2017-06-08	United Kingdom general election, 2017		
Q30234251	Karen Lee	57th United Kingdom Parliament	Lincoln	Labour Party	2017-06-08	United Kingdom general election, 2017		
Q30234253	Eddie Hughes	57th United Kingdom Parliament	Walsall North	Conservative Party	2017-06-08	United Kingdom general election, 2017		
Q302417	Alan Duncan	57th United Kingdom Parliament	Rutland and Melton	Conservative Party	2017-06-08	United Kingdom general election, 2017		
Q302486	Iain Duncan Smith	57th United Kingdom Parliament	Chingford and Woodford Green	Conservative Party	2017-06-08	United Kingdom general election, 2017		
Q302546	Philip Dunne	57th United Kingdom Parliament	Ludlow	Conservative Party	2017-06-08	United Kingdom general election, 2017		
Q302763	Angela Eagle	57th United Kingdom Parliament	Wallasey	Labour Party	2017-06-08	United Kingdom general election, 2017		
Q302815	Maria Eagle	57th United Kingdom Parliament	Garston and Halewood	Labour Party	2017-06-08	United Kingdom general election, 2017		
Q302892	Jonathan Edwards	57th United Kingdom Parliament	Carmarthen East and Dinefwr	Plaid Cymru	2017-06-08	United Kingdom general election, 2017		
Q302939	Clive Efford	57th United Kingdom Parliament	Eltham	Labour Party	2017-06-08	United Kingdom general election, 2017		
Q303011	Julie Elliott	57th United Kingdom Parliament	Sunderland Central	Labour Party	2017-06-08	United Kingdom general election, 2017		
Q303085	Michael Ellis	57th United Kingdom Parliament	Northampton North	Conservative Party	2017-06-08	United Kingdom general election, 2017		
Q303253	Louise Ellman	57th United Kingdom Parliament	Liverpool Riverside	Labour Co-operative	2017-06-08	United Kingdom general election, 2017		
Q303299	Tobias Ellwood	57th United Kingdom Parliament	Bournemouth East	Conservative Party	2017-06-08	United Kingdom general election, 2017		
Q303351	Charlie Elphicke	57th United Kingdom Parliament	Dover	Conservative Party	2017-06-08	United Kingdom general election, 2017	2017-11-03	suspension from a political party
Q303351	Charlie Elphicke	57th United Kingdom Parliament	Dover	independent politician	2017-11-03			
Q303465	Bill Esterson	57th United Kingdom Parliament	Sefton Central	Labour Party	2017-06-08	United Kingdom general election, 2017		
Q303510	George Eustice	57th United Kingdom Parliament	Camborne and Redruth	Conservative Party	2017-06-08	United Kingdom general election, 2017		
Q303577	Chris Evans	57th United Kingdom Parliament	Islwyn	Labour Co-operative	2017-06-08	United Kingdom general election, 2017		
Q303814	Nigel Evans	57th United Kingdom Parliament	Ribble Valley	Conservative Party	2017-06-08	United Kingdom general election, 2017		
Q303883	David Evennett	57th United Kingdom Parliament	Bexleyheath and Crayford	Conservative Party	2017-06-08	United Kingdom general election, 2017		
Q304027	Michael Fabricant	57th United Kingdom Parliament	Lichfield	Conservative Party	2017-06-08	United Kingdom general election, 2017		
Q304095	Michael Fallon	57th United Kingdom Parliament	Sevenoaks	Conservative Party	2017-06-08	United Kingdom general election, 2017		
Q304172	Paul Farrelly	57th United Kingdom Parliament	Newcastle-under-Lyme	Labour Party	2017-06-08	United Kingdom general election, 2017		
Q304251	Tim Farron	57th United Kingdom Parliament	Westmorland and Lonsdale	Liberal Democrats	2017-06-08	United Kingdom general election, 2017		
Q304388	Frank Field	57th United Kingdom Parliament	Birkenhead	Labour Party	2017-06-08	United Kingdom general election, 2017		
Q304450	Mark Field	57th United Kingdom Parliament	Cities of London and Westminster	Conservative Party	2017-06-08	United Kingdom general election, 2017		
Q306169	Jim Fitzpatrick	57th United Kingdom Parliament	Poplar and Limehouse	Labour Party	2017-06-08	United Kingdom general election, 2017		
Q306250	Robert Syms	57th United Kingdom Parliament	Poole	Conservative Party	2017-06-08	United Kingdom general election, 2017		
Q327716	Hugo Swire	57th United Kingdom Parliament	East Devon	Conservative Party	2017-06-08	United Kingdom general election, 2017		
Q327790	Jo Swinson	57th United Kingdom Parliament	East Dunbartonshire	Liberal Democrats	2017-06-08	United Kingdom general election, 2017		
Q327823	Desmond Swayne	57th United Kingdom Parliament	New Forest West	Conservative Party	2017-06-08	United Kingdom general election, 2017		
Q328608	Julian Sturdy	57th United Kingdom Parliament	York Outer	Conservative Party	2017-06-08	United Kingdom general election, 2017		
Q328641	Graham Stuart	57th United Kingdom Parliament	Beverley and Holderness	Conservative Party	2017-06-08	United Kingdom general election, 2017		
Q328737	Graham Stringer	57th United Kingdom Parliament	Blackley and Broughton	Labour Party	2017-06-08	United Kingdom general election, 2017		
Q328769	Mel Stride	57th United Kingdom Parliament	Central Devon	Conservative Party	2017-06-08	United Kingdom general election, 2017		
Q328791	Gary Streeter	57th United Kingdom Parliament	South West Devon	Conservative Party	2017-06-08	United Kingdom general election, 2017		
Q328892	Rory Stewart	57th United Kingdom Parliament	Penrith and The Border	Conservative Party	2017-06-08	United Kingdom general election, 2017		
Q328953	Iain Stewart	57th United Kingdom Parliament	Milton Keynes South	Conservative Party	2017-06-08	United Kingdom general election, 2017		
Q332374	Liam Fox	57th United Kingdom Parliament	North Somerset	Conservative Party	2017-06-08	United Kingdom general election, 2017		
Q332954	Caroline Spelman	57th United Kingdom Parliament	Meriden	Conservative Party	2017-06-08	United Kingdom general election, 2017		
Q332979	Stephen Hammond	57th United Kingdom Parliament	Wimbledon	Conservative Party	2017-06-08	United Kingdom general election, 2017		
Q332987	Philip Hammond	57th United Kingdom Parliament	Runnymede and Weybridge	Conservative Party	2017-06-08	United Kingdom general election, 2017		
Q332994	Dominic Grieve	57th United Kingdom Parliament	Beaconsfield	Conservative Party	2017-06-08	United Kingdom general election, 2017		
Q333012	Justine Greening	57th United Kingdom Parliament	Putney	Conservative Party	2017-06-08	United Kingdom general election, 2017		
Q333261	Andrew Mitchell	57th United Kingdom Parliament	Sutton Coldfield	Conservative Party	2017-06-08	United Kingdom general election, 2017		
Q333267	Patrick McLoughlin	57th United Kingdom Parliament	Derbyshire Dales	Conservative Party	2017-06-08	United Kingdom general election, 2017		
Q333283	Nick Herbert	57th United Kingdom Parliament	Arundel and South Downs	Conservative Party	2017-06-08	United Kingdom general election, 2017		
Q333480	Oliver Letwin	57th United Kingdom Parliament	West Dorset	Conservative Party	2017-06-08	United Kingdom general election, 2017		
Q333520	David Mundell	57th United Kingdom Parliament	Dumfriesshire, Clydesdale and Tweeddale	Conservative Party	2017-06-08	United Kingdom general election, 2017		
Q333533	Jeremy Hunt	57th United Kingdom Parliament	South West Surrey	Conservative Party	2017-06-08	United Kingdom general election, 2017		
Q333670	Gordon Marsden	57th United Kingdom Parliament	Blackpool South	Labour Party	2017-06-08	United Kingdom general election, 2017		
Q333680	Chloe Smith	57th United Kingdom Parliament	Norwich North	Conservative Party	2017-06-08	United Kingdom general election, 2017		
Q333714	Neil Parish	57th United Kingdom Parliament	Tiverton and Honiton	Conservative Party	2017-06-08	United Kingdom general election, 2017		
Q333846	John Redwood	57th United Kingdom Parliament	Wokingham	Conservative Party	2017-06-08	United Kingdom general election, 2017		
Q333852	Cheryl Gillan	57th United Kingdom Parliament	Chesham and Amersham	Conservative Party	2017-06-08	United Kingdom general election, 2017		
Q333937	Michael Gove	57th United Kingdom Parliament	Surrey Heath	Conservative Party	2017-06-08	United Kingdom general election, 2017		
Q334261	Maria Miller	57th United Kingdom Parliament	Basingstoke	Conservative Party	2017-06-08	United Kingdom general election, 2017		
Q337453	Chris Grayling	57th United Kingdom Parliament	Epsom and Ewell	Conservative Party	2017-06-08	United Kingdom general election, 2017		
Q3377178	Stephen Kinnock	57th United Kingdom Parliament	Aberavon	Labour Party	2017-06-08	United Kingdom general election, 2017		
Q337720	John Baron	57th United Kingdom Parliament	Basildon and Billericay	Conservative Party	2017-06-08	United Kingdom general election, 2017		
Q337812	Fabian Hamilton	57th United Kingdom Parliament	Leeds North East	Labour Party	2017-06-08	United Kingdom general election, 2017		
Q337970	Michelle Gildernew	57th United Kingdom Parliament	Fermanagh and South Tyrone	Sinn FÃ©in	2017-06-08	United Kingdom general election, 2017		
Q3409441	Richard Bacon	57th United Kingdom Parliament	South Norfolk	Conservative Party	2017-06-08	United Kingdom general election, 2017		
Q3411409	Catherine McKinnell	57th United Kingdom Parliament	Newcastle upon Tyne North	Labour Party	2017-06-08	United Kingdom general election, 2017		
Q3412180	Stephen Pound	57th United Kingdom Parliament	Ealing North	Labour Party	2017-06-08	United Kingdom general election, 2017		
Q341511	Bob Stewart	57th United Kingdom Parliament	Beckenham	Conservative Party	2017-06-08	United Kingdom general election, 2017		
Q341538	John Stevenson	57th United Kingdom Parliament	Carlisle	Conservative Party	2017-06-08	United Kingdom general election, 2017		
Q341570	Andrew Stephenson	57th United Kingdom Parliament	Pendle	Conservative Party	2017-06-08	United Kingdom general election, 2017		
Q389189	Mark Spencer	57th United Kingdom Parliament	Sherwood	Conservative Party	2017-06-08	United Kingdom general election, 2017		
Q389677	John Spellar	57th United Kingdom Parliament	Warley	Labour Party	2017-06-08	United Kingdom general election, 2017		
Q389855	Anna Soubry	57th United Kingdom Parliament	Broxtowe	Conservative Party	2017-06-08	United Kingdom general election, 2017		
Q390192	Nicholas Soames	57th United Kingdom Parliament	Mid Sussex	Conservative Party	2017-06-08	United Kingdom general election, 2017		
Q390611	Paul Flynn	57th United Kingdom Parliament	Newport West	Labour Party	2017-06-08	United Kingdom general election, 2017		
Q390690	Owen Smith	57th United Kingdom Parliament	Pontypridd	Labour Party	2017-06-08	United Kingdom general election, 2017		
Q390756	Yvonne Fovargue	57th United Kingdom Parliament	Makerfield	Labour Party	2017-06-08	United Kingdom general election, 2017		
Q390760	Nick Smith	57th United Kingdom Parliament	Blaenau Gwent	Labour Party	2017-06-08	United Kingdom general election, 2017		
Q390794	Julian Smith	57th United Kingdom Parliament	Skipton and Ripon	Conservative Party	2017-06-08	United Kingdom general election, 2017		
Q390849	Henry Smith	57th United Kingdom Parliament	Crawley	Conservative Party	2017-06-08	United Kingdom general election, 2017		
Q390869	Mark Francois	57th United Kingdom Parliament	Rayleigh and Wickford	Conservative Party	2017-06-08	United Kingdom general election, 2017		
Q390949	Angela Smith	57th United Kingdom Parliament	Penistone and Stocksbridge	Labour Party	2017-06-08	United Kingdom general election, 2017		
Q390983	George Freeman	57th United Kingdom Parliament	Mid Norfolk	Conservative Party	2017-06-08	United Kingdom general election, 2017		
Q391008	Mike Freer	57th United Kingdom Parliament	Finchley and Golders Green	Conservative Party	2017-06-08	United Kingdom general election, 2017		
Q391094	Roger Gale	57th United Kingdom Parliament	North Thanet	Conservative Party	2017-06-08	United Kingdom general election, 2017		
Q391141	Mike Gapes	57th United Kingdom Parliament	Ilford South	Labour Co-operative	2017-06-08	United Kingdom general election, 2017		
Q391169	Barry Gardiner	57th United Kingdom Parliament	Brent North	Labour Party	2017-06-08	United Kingdom general election, 2017		
Q391222	Mark Garnier	57th United Kingdom Parliament	Wyre Forest	Conservative Party	2017-06-08	United Kingdom general election, 2017		
Q391256	David Gauke	57th United Kingdom Parliament	South West Hertfordshire	Conservative Party	2017-06-08	United Kingdom general election, 2017		
Q391300	Nick Gibb	57th United Kingdom Parliament	Bognor Regis and Littlehampton	Conservative Party	2017-06-08	United Kingdom general election, 2017		
Q391341	Andy Slaughter	57th United Kingdom Parliament	Hammersmith	Labour Party	2017-06-08	United Kingdom general election, 2017		
Q391437	Dennis Skinner	57th United Kingdom Parliament	Bolsover	Labour Party	2017-06-08	United Kingdom general election, 2017		
Q391465	John Glen	57th United Kingdom Parliament	Salisbury	Conservative Party	2017-06-08	United Kingdom general election, 2017		
Q391483	Mary Glindon	57th United Kingdom Parliament	North Tyneside	Labour Party	2017-06-08	United Kingdom general election, 2017		
Q391520	Roger Godsiff	57th United Kingdom Parliament	Birmingham Hall Green	Labour Party	2017-06-08	United Kingdom general election, 2017		
Q391526	Chris Skidmore	57th United Kingdom Parliament	Kingswood	Conservative Party	2017-06-08	United Kingdom general election, 2017		
Q391562	Zac Goldsmith	57th United Kingdom Parliament	Richmond Park	Conservative Party	2017-06-08	United Kingdom general election, 2017		
Q391605	Helen Goodman	57th United Kingdom Parliament	Bishop Auckland	Labour Party	2017-06-08	United Kingdom general election, 2017		
Q391644	Robert Goodwill	57th United Kingdom Parliament	Scarborough and Whitby	Conservative Party	2017-06-08	United Kingdom general election, 2017		
Q391652	Keith Simpson	57th United Kingdom Parliament	Broadland	Conservative Party	2017-06-08	United Kingdom general election, 2017		
Q391756	Richard Graham	57th United Kingdom Parliament	Gloucester	Conservative Party	2017-06-08	United Kingdom general election, 2017		
Q391792	Helen Grant	57th United Kingdom Parliament	Maidstone and The Weald	Conservative Party	2017-06-08	United Kingdom general election, 2017		
Q391839	James Gray	57th United Kingdom Parliament	North Wiltshire	Conservative Party	2017-06-08	United Kingdom general election, 2017		
Q391960	Damian Green	57th United Kingdom Parliament	Ashford	Conservative Party	2017-06-08	United Kingdom general election, 2017		
Q391986	Kate Green	57th United Kingdom Parliament	Stretford and Urmston	Labour Party	2017-06-08	United Kingdom general election, 2017		
Q392000	David Simpson	57th United Kingdom Parliament	Upper Bann	Democratic Unionist Party	2017-06-08	United Kingdom general election, 2017		
Q392064	Lilian Greenwood	57th United Kingdom Parliament	Nottingham South	Labour Party	2017-06-08	United Kingdom general election, 2017		
Q392101	Nia Griffith	57th United Kingdom Parliament	Llanelli	Labour Party	2017-06-08	United Kingdom general election, 2017		
Q392149	Andrew Griffiths	57th United Kingdom Parliament	Burton	Conservative Party	2017-06-08	United Kingdom general election, 2017		
Q392216	Andrew Gwynne	57th United Kingdom Parliament	Denton and Reddish	Labour Party	2017-06-08	United Kingdom general election, 2017		
Q392241	Sam Gyimah	57th United Kingdom Parliament	East Surrey	Conservative Party	2017-06-08	United Kingdom general election, 2017		
Q392367	Gavin Shuker	57th United Kingdom Parliament	Luton South	Labour Co-operative	2017-06-08	United Kingdom general election, 2017		
Q392375	Robert Halfon	57th United Kingdom Parliament	Harlow	Conservative Party	2017-06-08	United Kingdom general election, 2017		
Q393751	Alec Shelbrooke	57th United Kingdom Parliament	Elmet and Rothwell	Conservative Party	2017-06-08	United Kingdom general election, 2017		
Q441532	Vicky Ford	57th United Kingdom Parliament	Chelmsford	Conservative Party	2017-06-08	United Kingdom general election, 2017		
Q4761018	Andy McDonald	57th United Kingdom Parliament	Middlesbrough	Labour Party	2017-06-08	United Kingdom general election, 2017		
Q477464	Barry Sheerman	57th United Kingdom Parliament	Huddersfield	Labour Co-operative	2017-06-08	United Kingdom general election, 2017		
Q4775602	Antoinette Sandbach	57th United Kingdom Parliament	Eddisbury	Conservative Party	2017-06-08	United Kingdom general election, 2017		
Q478161	Matthew Hancock	57th United Kingdom Parliament	West Suffolk	Conservative Party	2017-06-08	United Kingdom general election, 2017		
Q478227	Greg Hands	57th United Kingdom Parliament	Chelsea and Fulham	Conservative Party	2017-06-08	United Kingdom general election, 2017		
Q478248	David Hanson	57th United Kingdom Parliament	Delyn	Labour Party	2017-06-08	United Kingdom general election, 2017		
Q478276	Mark Harper	57th United Kingdom Parliament	Forest of Dean	Conservative Party	2017-06-08	United Kingdom general election, 2017		
Q478291	Richard Harrington	57th United Kingdom Parliament	Watford	Conservative Party	2017-06-08	United Kingdom general election, 2017		
Q478305	Rebecca Harris	57th United Kingdom Parliament	Castle Point	Conservative Party	2017-06-08	United Kingdom general election, 2017		
Q478345	Simon Hart	57th United Kingdom Parliament	Carmarthen West and South Pembrokeshire	Conservative Party	2017-06-08	United Kingdom general election, 2017		
Q478387	Virendra Sharma	57th United Kingdom Parliament	Ealing Southall	Labour Party	2017-06-08	United Kingdom general election, 2017		
Q478531	Alok Sharma	57th United Kingdom Parliament	Reading West	Conservative Party	2017-06-08	United Kingdom general election, 2017		
Q478596	Grant Shapps	57th United Kingdom Parliament	Welwyn Hatfield	Conservative Party	2017-06-08	United Kingdom general election, 2017		
Q478686	John Hayes	57th United Kingdom Parliament	South Holland and The Deepings	Conservative Party	2017-06-08	United Kingdom general election, 2017		
Q478702	Jim Shannon	57th United Kingdom Parliament	Strangford	Democratic Unionist Party	2017-06-08	United Kingdom general election, 2017		
Q478711	Oliver Heald	57th United Kingdom Parliament	North East Hertfordshire	Conservative Party	2017-06-08	United Kingdom general election, 2017		
Q478714	Andrew Selous	57th United Kingdom Parliament	South West Bedfordshire	Conservative Party	2017-06-08	United Kingdom general election, 2017		
Q479064	David Rutley	57th United Kingdom Parliament	Macclesfield	Conservative Party	2017-06-08	United Kingdom general election, 2017		
Q479171	Amber Rudd	57th United Kingdom Parliament	Hastings and Rye	Conservative Party	2017-06-08	United Kingdom general election, 2017		
Q479188	Chris Ruane	57th United Kingdom Parliament	Vale of Clwyd	Labour Party	2017-06-08	United Kingdom general election, 2017		
Q480092	Andrew Rosindell	57th United Kingdom Parliament	Romford	Conservative Party	2017-06-08	United Kingdom general election, 2017		
Q480132	Geoffrey Robinson	57th United Kingdom Parliament	Coventry North West	Labour Party	2017-06-08	United Kingdom general election, 2017		
Q480148	Laurence Robertson	57th United Kingdom Parliament	Tewkesbury	Conservative Party	2017-06-08	United Kingdom general election, 2017		
Q4864486	Barry McElduff	57th United Kingdom Parliament	West Tyrone	Sinn FÃ©in	2017-06-08	United Kingdom general election, 2017	2018-01-15	resignation
Q501926	Jonathan Reynolds	57th United Kingdom Parliament	Stalybridge and Hyde	Labour Co-operative	2017-06-08	United Kingdom general election, 2017		
Q501942	Emma Reynolds	57th United Kingdom Parliament	Wolverhampton North East	Labour Party	2017-06-08	United Kingdom general election, 2017		
Q5106839	Chris Hazzard	57th United Kingdom Parliament	South Down	Sinn FÃ©in	2017-06-08	United Kingdom general election, 2017		
Q5162256	Conor McGinn	57th United Kingdom Parliament	St Helens North	Labour Party	2017-06-08	United Kingdom general election, 2017		
Q5181182	Craig Mackinlay	57th United Kingdom Parliament	South Thanet	Conservative Party	2017-06-08	United Kingdom general election, 2017		
Q5240825	David Warburton	57th United Kingdom Parliament	Somerton and Frome	Conservative Party	2017-06-08	United Kingdom general election, 2017		
Q5242429	Dawn Butler	57th United Kingdom Parliament	Brent Central	Labour Party	2017-06-08	United Kingdom general election, 2017		
Q52587398	Ãrfhlaith Begley	57th United Kingdom Parliament	West Tyrone	Sinn FÃ©in	2018-05-03	West Tyrone by-election, 2018		
Q5307191	Drew Hendry	57th United Kingdom Parliament	Inverness, Nairn, Badenoch and Strathspey	Scottish National Party	2017-06-08	United Kingdom general election, 2017		
Q534727	David Lammy	57th United Kingdom Parliament	Tottenham	Labour Party	2017-06-08	United Kingdom general election, 2017		
Q5479812	Francie Molloy	57th United Kingdom Parliament	Mid Ulster	Sinn FÃ©in	2017-06-08	United Kingdom general election, 2017		
Q55003337	Janet Daby	57th United Kingdom Parliament	Lewisham East	Labour Party	2018-06-14	UK Parliamentary by-election		
Q5528262	Gavin Robinson	57th United Kingdom Parliament	Belfast East	Democratic Unionist Party	2017-06-08	United Kingdom general election, 2017		
Q5561727	Giles Watling	57th United Kingdom Parliament	Clacton	Conservative Party	2017-06-08	United Kingdom general election, 2017		
Q574896	Rachel Reeves	57th United Kingdom Parliament	Leeds West	Labour Party	2017-06-08	United Kingdom general election, 2017		
Q574980	Jacob Rees-Mogg	57th United Kingdom Parliament	North East Somerset	Conservative Party	2017-06-08	United Kingdom general election, 2017		
Q575183	Mark Pritchard	57th United Kingdom Parliament	The Wrekin	Conservative Party	2017-06-08	United Kingdom general election, 2017		
Q575205	Mark Prisk	57th United Kingdom Parliament	Hertford and Stortford	Conservative Party	2017-06-08	United Kingdom general election, 2017		
Q575239	Daniel Poulter	57th United Kingdom Parliament	Central Suffolk and North Ipswich	Conservative Party	2017-06-08	United Kingdom general election, 2017		
Q575266	Christopher Pincher	57th United Kingdom Parliament	Tamworth	Conservative Party	2017-06-08	United Kingdom general election, 2017		
Q575337	Bridget Phillipson	57th United Kingdom Parliament	Houghton and Sunderland South	Labour Party	2017-06-08	United Kingdom general election, 2017		
Q575452	Claire Perry	57th United Kingdom Parliament	Devizes	Conservative Party	2017-06-08	United Kingdom general election, 2017		
Q575462	Toby Perkins	57th United Kingdom Parliament	Chesterfield	Labour Party	2017-06-08	United Kingdom general election, 2017		
Q575493	Andrew Percy	57th United Kingdom Parliament	Brigg and Goole	Conservative Party	2017-06-08	United Kingdom general election, 2017		
Q575513	John Penrose	57th United Kingdom Parliament	Weston-super-Mare	Conservative Party	2017-06-08	United Kingdom general election, 2017		
Q575593	Mike Penning	57th United Kingdom Parliament	Hemel Hempstead	Conservative Party	2017-06-08	United Kingdom general election, 2017		
Q575669	Teresa Pearce	57th United Kingdom Parliament	Erith and Thamesmead	Labour Party	2017-06-08	United Kingdom general election, 2017		
Q575693	Mark Pawsey	57th United Kingdom Parliament	Rugby	Conservative Party	2017-06-08	United Kingdom general election, 2017		
Q575733	Priti Patel	57th United Kingdom Parliament	Witham	Conservative Party	2017-06-08	United Kingdom general election, 2017		
Q575881	Ian Paisley, Jr.	57th United Kingdom Parliament	North Antrim	Democratic Unionist Party	2017-06-08	United Kingdom general election, 2017		
Q576121	Albert Owen	57th United Kingdom Parliament	Ynys MÃ´n	Labour Party	2017-06-08	United Kingdom general election, 2017		
Q576195	Guy Opperman	57th United Kingdom Parliament	Hexham	Conservative Party	2017-06-08	United Kingdom general election, 2017		
Q576208	Chi Onwurah	57th United Kingdom Parliament	Newcastle upon Tyne Central	Labour Party	2017-06-08	United Kingdom general election, 2017		
Q576537	Matthew Offord	57th United Kingdom Parliament	Hendon	Conservative Party	2017-06-08	United Kingdom general election, 2017		
Q577024	Jesse Norman	57th United Kingdom Parliament	Hereford and South Herefordshire	Conservative Party	2017-06-08	United Kingdom general election, 2017		
Q577227	Caroline Nokes	57th United Kingdom Parliament	Romsey and Southampton North	Conservative Party	2017-06-08	United Kingdom general election, 2017		
Q577362	Sarah Newton	57th United Kingdom Parliament	Truro and Falmouth	Conservative Party	2017-06-08	United Kingdom general election, 2017		
Q577771	Bob Neill	57th United Kingdom Parliament	Bromley and Chislehurst	Conservative Party	2017-06-08	United Kingdom general election, 2017		
Q578037	Lisa Nandy	57th United Kingdom Parliament	Wigan	Labour Party	2017-06-08	United Kingdom general election, 2017		
Q578234	Andrew Murrison	57th United Kingdom Parliament	South West Wiltshire	Conservative Party	2017-06-08	United Kingdom general election, 2017		
Q578272	Sheryll Murray	57th United Kingdom Parliament	South East Cornwall	Conservative Party	2017-06-08	United Kingdom general election, 2017		
Q578432	Ian Murray	57th United Kingdom Parliament	Edinburgh South	Labour Party	2017-06-08	United Kingdom general election, 2017		
Q580086	James Morris	57th United Kingdom Parliament	Halesowen and Rowley Regis	Conservative Party	2017-06-08	United Kingdom general election, 2017		
Q580215	Grahame Morris	57th United Kingdom Parliament	Easington	Labour Party	2017-06-08	United Kingdom general election, 2017		
Q580247	David Morris	57th United Kingdom Parliament	Morecambe and Lunesdale	Conservative Party	2017-06-08	United Kingdom general election, 2017		
Q580321	Anne Marie Morris	57th United Kingdom Parliament	Newton Abbot	Conservative Party	2017-06-08	United Kingdom general election, 2017	2017-07-10	suspension from a political party
Q580321	Anne Marie Morris	57th United Kingdom Parliament	Newton Abbot	independent politician	2017-07-10		2017-12-12	rejoining party
Q580321	Anne Marie Morris	57th United Kingdom Parliament	Newton Abbot	Conservative Party	2017-12-12			
Q580375	Nicky Morgan	57th United Kingdom Parliament	Loughborough	Conservative Party	2017-06-08	United Kingdom general election, 2017		
Q580431	Jessica Morden	57th United Kingdom Parliament	Newport East	Labour Party	2017-06-08	United Kingdom general election, 2017		
Q580464	Penny Mordaunt	57th United Kingdom Parliament	Portsmouth North	Conservative Party	2017-06-08	United Kingdom general election, 2017		
Q580784	Anne Milton	57th United Kingdom Parliament	Guildford	Conservative Party	2017-06-08	United Kingdom general election, 2017		
Q580847	Nigel Mills	57th United Kingdom Parliament	Amber Valley	Conservative Party	2017-06-08	United Kingdom general election, 2017		
Q581095	Kerry McCarthy	57th United Kingdom Parliament	Bristol East	Labour Party	2017-06-08	United Kingdom general election, 2017		
Q583750	Mark Menzies	57th United Kingdom Parliament	Fylde	Conservative Party	2017-06-08	United Kingdom general election, 2017		
Q583906	Ian Mearns	57th United Kingdom Parliament	Gateshead	Labour Party	2017-06-08	United Kingdom general election, 2017		
Q584062	Esther McVey	57th United Kingdom Parliament	Tatton	Conservative Party	2017-06-08	United Kingdom general election, 2017		
Q584156	Stephen McPartland	57th United Kingdom Parliament	Stevenage	Conservative Party	2017-06-08	United Kingdom general election, 2017		
Q6131460	James Cleverly	57th United Kingdom Parliament	Braintree	Conservative Party	2017-06-08	United Kingdom general election, 2017		
Q615077	John Healey	57th United Kingdom Parliament	Wentworth and Dearne	Labour Party	2017-06-08	United Kingdom general election, 2017		
Q6205412	Joan Ryan	57th United Kingdom Parliament	Enfield North	Labour Party	2017-06-08	United Kingdom general election, 2017		
Q6236465	John Grogan	57th United Kingdom Parliament	Keighley	Labour Party	2017-06-08	United Kingdom general election, 2017		
Q6383803	Keir Starmer	57th United Kingdom Parliament	Holborn and St Pancras	Labour Party	2017-06-08	United Kingdom general election, 2017		
Q6417459	Kit Malthouse	57th United Kingdom Parliament	North West Hampshire	Conservative Party	2017-06-08	United Kingdom general election, 2017		
Q6698469	Lucy Powell	57th United Kingdom Parliament	Manchester Central	Labour Co-operative	2017-06-08	United Kingdom general election, 2017		
Q6712373	Afzal Khan	57th United Kingdom Parliament	Manchester Gorton	Labour Party	2017-06-08	United Kingdom general election, 2017		
Q673322	Chris Heaton-Harris	57th United Kingdom Parliament	Daventry	Conservative Party	2017-06-08	United Kingdom general election, 2017		
Q673525	Gordon Henderson	57th United Kingdom Parliament	Sittingbourne and Sheppey	Conservative Party	2017-06-08	United Kingdom general election, 2017		
Q673628	Mark Hendrick	57th United Kingdom Parliament	Preston	Labour Co-operative	2017-06-08	United Kingdom general election, 2017		
Q673854	Stephen Hepburn	57th United Kingdom Parliament	Jarrow	Labour Party	2017-06-08	United Kingdom general election, 2017		
Q676383	Sylvia Hermon	57th United Kingdom Parliament	North Down	independent politician	2017-06-08	United Kingdom general election, 2017		
Q676658	Meg Hillier	57th United Kingdom Parliament	Hackney South and Shoreditch	Labour Co-operative	2017-06-08	United Kingdom general election, 2017		
Q676947	Damian Hinds	57th United Kingdom Parliament	East Hampshire	Conservative Party	2017-06-08	United Kingdom general election, 2017		
Q6838584	Mickey Brady	57th United Kingdom Parliament	Newry and Armagh	Sinn FÃ©in	2017-06-08	United Kingdom general election, 2017		
Q688913	Margaret Hodge	57th United Kingdom Parliament	Barking	Labour Party	2017-06-08	United Kingdom general election, 2017		
Q689041	Sharon Hodgson	57th United Kingdom Parliament	Washington and Sunderland West	Labour Party	2017-06-08	United Kingdom general election, 2017		
Q689166	Kate Hoey	57th United Kingdom Parliament	Vauxhall	Labour Party	2017-06-08	United Kingdom general election, 2017		
Q689239	George Hollingbery	57th United Kingdom Parliament	Meon Valley	Conservative Party	2017-06-08	United Kingdom general election, 2017		
Q689287	Philip Hollobone	57th United Kingdom Parliament	Kettering	Conservative Party	2017-06-08	United Kingdom general election, 2017		
Q689348	Adam Holloway	57th United Kingdom Parliament	Gravesham	Conservative Party	2017-06-08	United Kingdom general election, 2017		
Q689421	Kelvin Hopkins	57th United Kingdom Parliament	Luton North	Labour Party	2017-06-08	United Kingdom general election, 2017	2017-11-02	suspension from a political party
Q689421	Kelvin Hopkins	57th United Kingdom Parliament	Luton North	independent politician	2017-11-02			
Q689514	Stewart Hosie	57th United Kingdom Parliament	Dundee East	Scottish National Party	2017-06-08	United Kingdom general election, 2017		
Q689546	George Howarth	57th United Kingdom Parliament	Knowsley	Labour Party	2017-06-08	United Kingdom general election, 2017		
Q689627	John Howell	57th United Kingdom Parliament	Henley	Conservative Party	2017-06-08	United Kingdom general election, 2017		
Q689660	Lindsay Hoyle	57th United Kingdom Parliament	Chorley	Labour Party	2017-06-08	United Kingdom general election, 2017		
Q691299	Nick Hurd	57th United Kingdom Parliament	Ruislip, Northwood and Pinner	Conservative Party	2017-06-08	United Kingdom general election, 2017		
Q692315	Daniel Kawczynski	57th United Kingdom Parliament	Shrewsbury and Atcham	Conservative Party	2017-06-08	United Kingdom general election, 2017		
Q694639	Alison McGovern	57th United Kingdom Parliament	Wirral South	Labour Party	2017-06-08	United Kingdom general election, 2017		
Q694676	Pat McFadden	57th United Kingdom Parliament	Wolverhampton South East	Labour Party	2017-06-08	United Kingdom general election, 2017		
Q694695	John McDonnell	57th United Kingdom Parliament	Hayes and Harlington	Labour Party	2017-06-08	United Kingdom general election, 2017		
Q694759	Siobhain McDonagh	57th United Kingdom Parliament	Mitcham and Morden	Labour Party	2017-06-08	United Kingdom general election, 2017		
Q694869	Steve McCabe	57th United Kingdom Parliament	Birmingham Selly Oak	Labour Party	2017-06-08	United Kingdom general election, 2017		
Q694881	Paul Maynard	57th United Kingdom Parliament	Blackpool North and Cleveleys	Conservative Party	2017-06-08	United Kingdom general election, 2017		
Q694929	Paul Maskey	57th United Kingdom Parliament	Belfast West	Sinn FÃ©in	2017-06-08	United Kingdom general election, 2017		
Q694967	John Mann	57th United Kingdom Parliament	Bassetlaw	Labour Party	2017-06-08	United Kingdom general election, 2017		
Q694984	Seema Malhotra	57th United Kingdom Parliament	Feltham and Heston	Labour Co-operative	2017-06-08	United Kingdom general election, 2017		
Q694996	Anne Main	57th United Kingdom Parliament	St Albans	Conservative Party	2017-06-08	United Kingdom general election, 2017		
Q695007	Shabana Mahmood	57th United Kingdom Parliament	Birmingham Ladywood	Labour Party	2017-06-08	United Kingdom general election, 2017		
Q695028	Khalid Mahmood	57th United Kingdom Parliament	Birmingham Perry Barr	Labour Party	2017-06-08	United Kingdom general election, 2017		
Q695092	Angus MacNeil	57th United Kingdom Parliament	Na h-Eileanan an Iar	Scottish National Party	2017-06-08	United Kingdom general election, 2017		
Q695197	Ian Lucas	57th United Kingdom Parliament	Wrexham	Labour Party	2017-06-08	United Kingdom general election, 2017		
Q695228	Tim Loughton	57th United Kingdom Parliament	East Worthing and Shoreham	Conservative Party	2017-06-08	United Kingdom general election, 2017		
Q695241	Jonathan Lord	57th United Kingdom Parliament	Woking	Conservative Party	2017-06-08	United Kingdom general election, 2017		
Q695257	Jack Lopresti	57th United Kingdom Parliament	Filton and Bradley Stoke	Conservative Party	2017-06-08	United Kingdom general election, 2017		
Q695295	Tony Lloyd	57th United Kingdom Parliament	Rochdale	Labour Party	2017-06-08	United Kingdom general election, 2017		
Q695310	Stephen Lloyd	57th United Kingdom Parliament	Eastbourne	Liberal Democrats	2017-06-08	United Kingdom general election, 2017		
Q6989101	Neil O'Brien	57th United Kingdom Parliament	Harborough	Conservative Party	2017-06-08	United Kingdom general election, 2017		
Q7150909	Paul Girvan	57th United Kingdom Parliament	South Antrim	Democratic Unionist Party	2017-06-08	United Kingdom general election, 2017		
Q7174603	Peter Heaton-Jones	57th United Kingdom Parliament	North Devon	Conservative Party	2017-06-08	United Kingdom general election, 2017		
Q727347	Margot James	57th United Kingdom Parliament	Stourbridge	Conservative Party	2017-06-08	United Kingdom general election, 2017		
Q727587	Dan Jarvis	57th United Kingdom Parliament	Barnsley Central	Labour Party	2017-06-08	United Kingdom general election, 2017		
Q727798	Sajid Javid	57th United Kingdom Parliament	Bromsgrove	Conservative Party	2017-06-08	United Kingdom general election, 2017		
Q727852	Bernard Jenkin	57th United Kingdom Parliament	Harwich and North Essex	Conservative Party	2017-06-08	United Kingdom general election, 2017		
Q727933	Diana Johnson	57th United Kingdom Parliament	Kingston upon Hull North	Labour Party	2017-06-08	United Kingdom general election, 2017		
Q727981	Gareth Johnson	57th United Kingdom Parliament	Dartford	Conservative Party	2017-06-08	United Kingdom general election, 2017		
Q728063	Jo Johnson	57th United Kingdom Parliament	Orpington	Conservative Party	2017-06-08	United Kingdom general election, 2017		
Q728119	Andrew Jones	57th United Kingdom Parliament	Harrogate and Knaresborough	Conservative Party	2017-06-08	United Kingdom general election, 2017		
Q728167	David Jones	57th United Kingdom Parliament	Clwyd West	Conservative Party	2017-06-08	United Kingdom general election, 2017		
Q728202	Graham Jones	57th United Kingdom Parliament	Hyndburn	Labour Party	2017-06-08	United Kingdom general election, 2017		
Q728653	David Drew	57th United Kingdom Parliament	Stroud	Labour Co-operative	2017-06-08	United Kingdom general election, 2017		
Q7380182	Rupa Huq	57th United Kingdom Parliament	Ealing Central and Acton	Labour Party	2017-06-08	United Kingdom general election, 2017		
Q7422176	Sarah Champion	57th United Kingdom Parliament	Rotherham	Labour Party	2017-06-08	United Kingdom general election, 2017		
Q748837	David Lidington	57th United Kingdom Parliament	Aylesbury	Conservative Party	2017-06-08	United Kingdom general election, 2017		
Q748955	Ian Liddell-Grainger	57th United Kingdom Parliament	Bridgwater and West Somerset	Conservative Party	2017-06-08	United Kingdom general election, 2017		
Q749612	Julian Lewis	57th United Kingdom Parliament	New Forest East	Conservative Party	2017-06-08	United Kingdom general election, 2017		
Q749659	Ivan Lewis	57th United Kingdom Parliament	Bury South	Labour Party	2017-06-08	United Kingdom general election, 2017	2017-11-23	suspension from a political party
Q749659	Ivan Lewis	57th United Kingdom Parliament	Bury South	independent politician	2017-11-23			
Q749687	Brandon Lewis	57th United Kingdom Parliament	Great Yarmouth	Conservative Party	2017-06-08	United Kingdom general election, 2017		
Q749759	Chris Leslie	57th United Kingdom Parliament	Nottingham East	Labour Co-operative	2017-06-08	United Kingdom general election, 2017		
Q749980	Edward Leigh	57th United Kingdom Parliament	Gainsborough	Conservative Party	2017-06-08	United Kingdom general election, 2017		
Q750018	Jeremy Lefroy	57th United Kingdom Parliament	Stafford	Conservative Party	2017-06-08	United Kingdom general election, 2017		
Q750061	Phillip Lee	57th United Kingdom Parliament	Bracknell	Conservative Party	2017-06-08	United Kingdom general election, 2017		
Q750091	Andrea Leadsom	57th United Kingdom Parliament	South Northamptonshire	Conservative Party	2017-06-08	United Kingdom general election, 2017		
Q750129	Ian Lavery	57th United Kingdom Parliament	Wansbeck	Labour Party	2017-06-08	United Kingdom general election, 2017		
Q750135	Pauline Latham	57th United Kingdom Parliament	Mid Derbyshire	Conservative Party	2017-06-08	United Kingdom general election, 2017		
Q750161	Mark Lancaster	57th United Kingdom Parliament	Milton Keynes North	Conservative Party	2017-06-08	United Kingdom general election, 2017		
Q750179	Norman Lamb	57th United Kingdom Parliament	North Norfolk	Liberal Democrats	2017-06-08	United Kingdom general election, 2017		
Q750188	Eleanor Laing	57th United Kingdom Parliament	Epping Forest	Conservative Party	2017-06-08	United Kingdom general election, 2017		
Q750204	Kwasi Kwarteng	57th United Kingdom Parliament	Spelthorne	Conservative Party	2017-06-08	United Kingdom general election, 2017		
Q750219	Greg Knight	57th United Kingdom Parliament	East Yorkshire	Conservative Party	2017-06-08	United Kingdom general election, 2017		
Q750260	Liz Kendall	57th United Kingdom Parliament	Leicester West	Labour Party	2017-06-08	United Kingdom general election, 2017		
Q750293	Barbara Keeley	57th United Kingdom Parliament	Worsley and Eccles South	Labour Party	2017-06-08	United Kingdom general election, 2017		
Q750381	Susan Elan Jones	57th United Kingdom Parliament	Clwyd South	Labour Party	2017-06-08	United Kingdom general election, 2017		
Q750398	Marcus Jones	57th United Kingdom Parliament	Nuneaton	Conservative Party	2017-06-08	United Kingdom general election, 2017		
Q750411	Kevan Jones	57th United Kingdom Parliament	North Durham	Labour Party	2017-06-08	United Kingdom general election, 2017		
Q750421	Helen Jones	57th United Kingdom Parliament	Warrington North	Labour Party	2017-06-08	United Kingdom general election, 2017		
Q7609085	Stephen Doughty	57th United Kingdom Parliament	Cardiff South and Penarth	Labour Co-operative	2017-06-08	United Kingdom general election, 2017		
Q7613711	Steve Reed	57th United Kingdom Parliament	Croydon North	Labour Co-operative	2017-06-08	United Kingdom general election, 2017		
Q7831699	Tracy Brabin	57th United Kingdom Parliament	Batley and Spen	Labour Co-operative	2017-06-08	United Kingdom general election, 2017		
Q7852071	Tulip Siddiq	57th United Kingdom Parliament	Hampstead and Kilburn	Labour Party	2017-06-08	United Kingdom general election, 2017		
Q7983764	Wes Streeting	57th United Kingdom Parliament	Ilford North	Labour Party	2017-06-08	United Kingdom general election, 2017		
Q9670	Caroline Lucas	57th United Kingdom Parliament	Brighton Pavilion	Green Party of England and Wales	2017-06-08	United Kingdom general election, 2017		
